RawPath,RawID,RawForm
/path/IAM/Forms/m04-231.png,iam-0550,m04-231
/path/IAM/Forms/m04-238.png,iam-0550,m04-238
/path/IAM/Forms/m04-246.png,iam-0550,m04-246
/path/IAM/Forms/n04-000.png,iam-0550,n04-000
/path/IAM/Forms/n04-009.png,iam-0550,n04-009
/path/IAM/Forms/m06-019.png,iam-0551,m06-019
/path/IAM/Forms/n06-148.png,iam-0551,n06-148
/path/IAM/Forms/n06-156.png,iam-0551,n06-156
/path/IAM/Forms/n06-163.png,iam-0551,n06-163
/path/IAM/Forms/n06-169.png,iam-0551,n06-169
/path/IAM/Forms/n06-175.png,iam-0551,n06-175
/path/IAM/Forms/n06-182.png,iam-0551,n06-182
/path/IAM/Forms/n06-186.png,iam-0551,n06-186
/path/IAM/Forms/n06-194.png,iam-0551,n06-194
/path/IAM/Forms/n06-201.png,iam-0551,n06-201
/path/IAM/Forms/n01-000.png,iam-0553,n01-000
/path/IAM/Forms/n01-009.png,iam-0553,n01-009
/path/IAM/Forms/n01-004.png,iam-0554,n01-004
/path/IAM/Forms/n01-020.png,iam-0555,n01-020
/path/IAM/Forms/n01-031.png,iam-0555,n01-031
/path/IAM/Forms/n01-045.png,iam-0555,n01-045
/path/IAM/Forms/n01-036.png,iam-0556,n01-036
/path/IAM/Forms/n01-052.png,iam-0557,n01-052
/path/IAM/Forms/n01-057.png,iam-0558,n01-057
/path/IAM/Forms/n02-000.png,iam-0559,n02-000
/path/IAM/Forms/n02-016.png,iam-0559,n02-016
/path/IAM/Forms/n02-004.png,iam-0560,n02-004
/path/IAM/Forms/n02-009.png,iam-0560,n02-009
/path/IAM/Forms/n02-028.png,iam-0561,n02-028
/path/IAM/Forms/n02-049.png,iam-0561,n02-049
/path/IAM/Forms/n02-033.png,iam-0562,n02-033
/path/IAM/Forms/n02-037.png,iam-0562,n02-037
/path/IAM/Forms/n02-040.png,iam-0563,n02-040
/path/IAM/Forms/n02-045.png,iam-0563,n02-045
/path/IAM/Forms/n02-054.png,iam-0564,n02-054
/path/IAM/Forms/n02-062.png,iam-0565,n02-062
/path/IAM/Forms/n02-082a.png,iam-0566,n02-082a
/path/IAM/Forms/n02-098.png,iam-0567,n02-098
/path/IAM/Forms/p03-057.png,iam-0567,p03-057
/path/IAM/Forms/p03-087.png,iam-0567,p03-087
/path/IAM/Forms/p03-096.png,iam-0567,p03-096
/path/IAM/Forms/p03-103.png,iam-0567,p03-103
/path/IAM/Forms/p03-112.png,iam-0567,p03-112
/path/IAM/Forms/n02-151.png,iam-0568,n02-151
/path/IAM/Forms/n02-154.png,iam-0569,n02-154
/path/IAM/Forms/n02-157.png,iam-0570,n02-157
/path/IAM/Forms/n03-038.png,iam-0571,n03-038
/path/IAM/Forms/n03-064.png,iam-0572,n03-064
/path/IAM/Forms/n03-066.png,iam-0573,n03-066
/path/IAM/Forms/n03-079.png,iam-0574,n03-079
/path/IAM/Forms/n03-082.png,iam-0575,n03-082
/path/IAM/Forms/n03-091.png,iam-0576,n03-091
/path/IAM/Forms/n03-097.png,iam-0577,n03-097
/path/IAM/Forms/n03-103.png,iam-0577,n03-103
/path/IAM/Forms/n03-106.png,iam-0578,n03-106
/path/IAM/Forms/n03-113.png,iam-0579,n03-113
/path/IAM/Forms/n03-120.png,iam-0580,n03-120
/path/IAM/Forms/n03-126.png,iam-0581,n03-126
/path/IAM/Forms/n04-015.png,iam-0582,n04-015
/path/IAM/Forms/n04-022.png,iam-0582,n04-022
/path/IAM/Forms/n04-031.png,iam-0582,n04-031
/path/IAM/Forms/n04-039.png,iam-0582,n04-039
/path/IAM/Forms/n04-044.png,iam-0582,n04-044
/path/IAM/Forms/n04-048.png,iam-0583,n04-048
/path/IAM/Forms/n04-052.png,iam-0583,n04-052
/path/IAM/Forms/n04-060.png,iam-0583,n04-060
/path/IAM/Forms/n04-068.png,iam-0583,n04-068
/path/IAM/Forms/n04-075.png,iam-0583,n04-075
/path/IAM/Forms/n04-084.png,iam-0584,n04-084
/path/IAM/Forms/n04-092.png,iam-0584,n04-092
/path/IAM/Forms/n04-100.png,iam-0584,n04-100
/path/IAM/Forms/n04-107.png,iam-0584,n04-107
/path/IAM/Forms/n04-114.png,iam-0584,n04-114
/path/IAM/Forms/n04-130.png,iam-0585,n04-130
/path/IAM/Forms/n04-139.png,iam-0585,n04-139
/path/IAM/Forms/n04-149.png,iam-0585,n04-149
/path/IAM/Forms/n04-156.png,iam-0585,n04-156
/path/IAM/Forms/n04-163.png,iam-0585,n04-163
/path/IAM/Forms/n04-171.png,iam-0586,n04-171
/path/IAM/Forms/n04-183.png,iam-0586,n04-183
/path/IAM/Forms/n04-190.png,iam-0586,n04-190
/path/IAM/Forms/n04-195.png,iam-0586,n04-195
/path/IAM/Forms/n04-202.png,iam-0587,n04-202
/path/IAM/Forms/n04-209.png,iam-0587,n04-209
/path/IAM/Forms/n04-213.png,iam-0587,n04-213
/path/IAM/Forms/n04-218.png,iam-0587,n04-218
/path/IAM/Forms/n06-074.png,iam-0588,n06-074
/path/IAM/Forms/n06-082.png,iam-0588,n06-082
/path/IAM/Forms/n06-092.png,iam-0588,n06-092
/path/IAM/Forms/n06-100.png,iam-0588,n06-100
/path/IAM/Forms/n06-111.png,iam-0588,n06-111
/path/IAM/Forms/n06-119.png,iam-0588,n06-119
/path/IAM/Forms/n06-123.png,iam-0588,n06-123
/path/IAM/Forms/n06-128.png,iam-0588,n06-128
/path/IAM/Forms/n06-133.png,iam-0588,n06-133
/path/IAM/Forms/n06-140.png,iam-0588,n06-140
/path/IAM/Forms/p01-147.png,iam-0589,p01-147
/path/IAM/Forms/p01-155.png,iam-0590,p01-155
/path/IAM/Forms/p01-168.png,iam-0591,p01-168
/path/IAM/Forms/p01-174.png,iam-0592,p01-174
/path/IAM/Forms/p02-000.png,iam-0593,p02-000
/path/IAM/Forms/p02-008.png,iam-0594,p02-008
/path/IAM/Forms/p02-017.png,iam-0595,p02-017
/path/IAM/Forms/p02-022.png,iam-0596,p02-022
/path/IAM/Forms/p02-027.png,iam-0597,p02-027
/path/IAM/Forms/p02-069.png,iam-0598,p02-069
/path/IAM/Forms/p02-090.png,iam-0598,p02-090
/path/IAM/Forms/p02-076.png,iam-0599,p02-076
/path/IAM/Forms/p02-081.png,iam-0599,p02-081
/path/IAM/Forms/p02-101.png,iam-0600,p02-101
/path/IAM/Forms/p02-105.png,iam-0601,p02-105
/path/IAM/Forms/p02-109.png,iam-0602,p02-109
/path/IAM/Forms/p02-115.png,iam-0603,p02-115
/path/IAM/Forms/p02-121.png,iam-0604,p02-121
/path/IAM/Forms/p02-127.png,iam-0605,p02-127
/path/IAM/Forms/p02-131.png,iam-0606,p02-131
/path/IAM/Forms/p02-135.png,iam-0607,p02-135
/path/IAM/Forms/p02-139.png,iam-0608,p02-139
/path/IAM/Forms/p02-144.png,iam-0609,p02-144
/path/IAM/Forms/p02-150.png,iam-0610,p02-150
/path/IAM/Forms/p02-155.png,iam-0611,p02-155
/path/IAM/Forms/p03-004.png,iam-0612,p03-004
/path/IAM/Forms/p03-009.png,iam-0613,p03-009
/path/IAM/Forms/p03-012.png,iam-0614,p03-012
/path/IAM/Forms/p03-023.png,iam-0615,p03-023
/path/IAM/Forms/p03-027.png,iam-0616,p03-027
/path/IAM/Forms/p03-029.png,iam-0617,p03-029
/path/IAM/Forms/p03-033.png,iam-0618,p03-033
/path/IAM/Forms/p03-040.png,iam-0619,p03-040
/path/IAM/Forms/p03-047.png,iam-0620,p03-047
/path/IAM/Forms/p03-069.png,iam-0621,p03-069
/path/IAM/Forms/p03-072.png,iam-0622,p03-072
/path/IAM/Forms/p03-080.png,iam-0623,p03-080
/path/IAM/Forms/p03-121.png,iam-0624,p03-121
/path/IAM/Forms/p03-135.png,iam-0625,p03-135
/path/IAM/Forms/p03-142.png,iam-0626,p03-142
/path/IAM/Forms/p03-151.png,iam-0627,p03-151
/path/IAM/Forms/p03-158.png,iam-0628,p03-158
/path/IAM/Forms/p03-163.png,iam-0629,p03-163
/path/IAM/Forms/p03-173.png,iam-0630,p03-173
/path/IAM/Forms/p03-181.png,iam-0631,p03-181
/path/IAM/Forms/p03-185.png,iam-0632,p03-185
/path/IAM/Forms/p03-189.png,iam-0633,p03-189
/path/IAM/Forms/p06-030.png,iam-0634,p06-030
/path/IAM/Forms/p06-042.png,iam-0634,p06-042
/path/IAM/Forms/p06-047.png,iam-0634,p06-047
/path/IAM/Forms/p06-052.png,iam-0634,p06-052
/path/IAM/Forms/p06-058.png,iam-0634,p06-058
/path/IAM/Forms/p06-069.png,iam-0634,p06-069
/path/IAM/Forms/p06-088.png,iam-0634,p06-088
/path/IAM/Forms/p06-096.png,iam-0634,p06-096
/path/IAM/Forms/p06-104.png,iam-0634,p06-104
/path/IAM/Forms/p06-242.png,iam-0635,p06-242
/path/IAM/Forms/p06-248.png,iam-0635,p06-248
/path/IAM/Forms/r06-000.png,iam-0635,r06-000
/path/IAM/Forms/r06-003.png,iam-0635,r06-003
/path/IAM/Forms/r06-007.png,iam-0635,r06-007
/path/IAM/Forms/r06-011.png,iam-0635,r06-011
/path/IAM/Forms/r06-018.png,iam-0635,r06-018
/path/IAM/Forms/r06-022.png,iam-0635,r06-022
/path/IAM/Forms/r06-027.png,iam-0635,r06-027
/path/IAM/Forms/r06-143.png,iam-0635,r06-143
/path/IAM/Forms/r02-000.png,iam-0636,r02-000
/path/IAM/Forms/r02-003.png,iam-0637,r02-003
/path/IAM/Forms/r02-006.png,iam-0638,r02-006
/path/IAM/Forms/r02-010.png,iam-0639,r02-010
/path/IAM/Forms/r02-013.png,iam-0640,r02-013
/path/IAM/Forms/r02-038.png,iam-0641,r02-038
/path/IAM/Forms/r02-054.png,iam-0642,r02-054
/path/IAM/Forms/r02-060.png,iam-0643,r02-060
/path/IAM/Forms/r02-065.png,iam-0644,r02-065
/path/IAM/Forms/r02-070.png,iam-0645,r02-070
/path/IAM/Forms/r02-078.png,iam-0647,r02-078
/path/IAM/Forms/r02-081.png,iam-0648,r02-081
/path/IAM/Forms/r02-089.png,iam-0649,r02-089
/path/IAM/Forms/r02-109.png,iam-0650,r02-109
/path/IAM/Forms/r02-117.png,iam-0651,r02-117
/path/IAM/Forms/r02-127.png,iam-0652,r02-127
/path/IAM/Forms/r02-131.png,iam-0653,r02-131
/path/IAM/Forms/r02-137.png,iam-0654,r02-137
/path/IAM/Forms/r02-146.png,iam-0655,r02-146
/path/IAM/Forms/r03-002.png,iam-0658,r03-002
/path/IAM/Forms/r03-007.png,iam-0658,r03-007
/path/IAM/Forms/r03-026.png,iam-0659,r03-026
/path/IAM/Forms/r03-030.png,iam-0660,r03-030
/path/IAM/Forms/r03-035.png,iam-0661,r03-035
/path/IAM/Forms/r03-050.png,iam-0662,r03-050
/path/IAM/Forms/r03-056.png,iam-0663,r03-056
/path/IAM/Forms/r03-065.png,iam-0664,r03-065
/path/IAM/Forms/r03-084.png,iam-0665,r03-084
/path/IAM/Forms/r03-090.png,iam-0666,r03-090
/path/IAM/Forms/r03-096.png,iam-0667,r03-096
/path/IAM/Forms/r03-110.png,iam-0668,r03-110
/path/IAM/Forms/r03-115.png,iam-0669,r03-115
/path/IAM/Forms/r06-035.png,iam-0670,r06-035
/path/IAM/Forms/r06-041.png,iam-0670,r06-041
/path/IAM/Forms/r06-044.png,iam-0670,r06-044
/path/IAM/Forms/r06-049.png,iam-0670,r06-049
/path/IAM/Forms/r06-053.png,iam-0670,r06-053
/path/IAM/Forms/r06-057.png,iam-0670,r06-057
/path/IAM/Forms/r06-062.png,iam-0670,r06-062
/path/IAM/Forms/r06-066.png,iam-0670,r06-066
/path/IAM/Forms/r06-070.png,iam-0670,r06-070
/path/IAM/Forms/r06-076.png,iam-0670,r06-076
/path/IAM/Forms/r06-090.png,iam-0671,r06-090
/path/IAM/Forms/r06-097.png,iam-0671,r06-097
/path/IAM/Forms/r06-103.png,iam-0671,r06-103
/path/IAM/Forms/r06-106.png,iam-0671,r06-106
/path/IAM/Forms/r06-111.png,iam-0671,r06-111
/path/IAM/Forms/r06-115.png,iam-0671,r06-115
/path/IAM/Forms/r06-121.png,iam-0671,r06-121
/path/IAM/Forms/r06-126.png,iam-0671,r06-126
/path/IAM/Forms/r06-130.png,iam-0671,r06-130
/path/IAM/Forms/r06-137.png,iam-0671,r06-137
